{
    "banner":{
        "builder":true,
        "no_selection":true,
        "name":"Banner",
        "element":{
           "images":{
               "image":{
                   "size":"1920x1280"
               }
           },
           "heading":"text",
           "subheading":"text",
           "modal":true
        }
     },
     "about":{
        "builder":true,
        "name":"About Us",
        "content":{
            "images":{
                "image":{
                    "size":"590x483"
                }
            },
           "heading":"text",
           "description":"textarea-nic",
           "video_url":"text",
           "video_button_icon":"icon"
        }
    },
    "features":{
        "builder":true,
        "name":"Features",
        "content":{
           "heading":"text",
           "subheading":"text"
        },
        "element":{
           "icon":"icon",
           "title":"text",
           "content":"textarea",
           "modal":true
        }
    },
    "plan":{
        "builder":true,
        "name":"Plan",
        "content":{
           "heading":"text",
           "subheading":"text"
        }
    },
    "counter":{
        "builder":true,
        "name":"Counter",
        "content":{
            "images":{
                "image":{
                    "size":"1280x912"
                }
            },
           "heading":"text",
           "sub_heading":"text"
        },
        "element":{
           "icon":"icon",
           "title":"text",
           "number":"text",
           "modal":true
        }
    },
    "testimonial":{
        "builder":true,
        "name":"Testimonial",
        "content":{
           "heading":"text",
           "subheading":"text"
        },
        "element":{
            "images":{
                "image":{
                    "size":"200x200"
                }
            },
           "name":"text",
           "designation":"text",
           "comment":"textarea",
           "modal":true
        }
    },
    "faq":{
        "builder":true,
        "name":"FAQ",
        "content":{
           "heading":"text",
           "subheading":"text"
        },
        "element":{
           "question":"text",
           "answer":"textarea",
           "modal":true
        }
     },
     "blog":{
        "builder":true,
        "name":"Blog",
        "content":{
           "heading":"text",
           "subheading":"text"
        },
        "element":{
           "images":{
               "image":{
                   "size":"755x400",
                   "thumb":"360x240"
               }
           },
           "title":"text",
           "description":"textarea-nic",
           "modal":false
        }
     },
     "breadcrumb":{
        "builder":true,
        "no_selection":true,
        "name":"Breadcrumb",
        "content":{
           "images":{
               "image":{
                   "size":"1920x1280"
               }
           }
        }
     },
     "contact":{
        "builder":true,
        "no_selection":true,
        "name":"Contact",
        "content":{
           "heading":"text",
           "subheading":"text"
        },
        "element":{
           "icon":"icon",
           "title":"text",
           "content":"text",
           "modal":true
        }
     },

     "login":{
        "builder":true,
        "no_selection":true,
        "name":"Login",
        "content":{
           "heading":"text"
        }
     },
     "register":{
        "builder":true,
        "no_selection":true,
        "name":"Register",
        "content":{
           "heading":"text"
        }
     },
     "kyc_info":{
        "builder":true,
        "no_selection":true,
        "name":"KYC Information",
        "content":{
           "verification_content":"textarea",
           "pending_content":"textarea"
        }
     },

    "policy_pages": {
        "builder": true,
        "no_selection":true,
        "name": "Policy Pages",
        "element": {
            "title": "text",
            "details": "textarea-nic",
            "modal": false
        }
    }
}
